Surname,GivenNames,DateOfBirth,StreetName,Town,MRN,HomePhone,MobilePhone,Blah,Title,Sex
Jefferson,Alvin,02/01/1946,186-159 Arcu Rd.,Motta Visconti,1,(02) 4871 8660,(04) 5365 8722,Wedel,Mr.,Male
Zamora,Castor,25/05/1983,'Ap #736-1510 Tempor, Road',Pemuco,2,(02) 3004 2205,(04) 1510 5971,Saint Paul,,Male
Pennington,Emerson,19/03/1962,785-808 Nunc. Rd.,Greater Sudbury,3,(02) 3865 0660,(04) 6404 0559,Primavera,Mr.,Male
Whitaker,Rigel,28/08/1936,2105 Massa. Av.,Trier,4,(02) 6881 1521,(04) 9140 7711,Lanark County,,Male
Roman,Duncan,11/01/1939,460-1003 Sed St.,Vottem,5,(02) 9260 5584,(04) 0104 1560,Nijlen,Mr.,Male
Zamora,Chandler,09/12/1932,1304 Ligula. Av.,Sangli,6,(02) 6097 4061,(04) 2022 7434,MŽlin,Mr.,Male
Dunlap,Fuller,15/02/1935,'P.O. Box 100, 6560 Velit. Road',Grezzana,7,(02) 0611 6821,(04) 2076 7314,Motherwell,,Male
Mueller,Orlando,31/01/1957,'P.O. Box 577, 6117 Id, Rd.',Wernigerode,8,(02) 2342 3639,(04) 8882 4044,Neuville-en-Condroz,,Male
Aguirre,Jakeem,13/10/2004,'P.O. Box 961, 3400 Sagittis St.',Santo Domingo,9,(02) 2267 8744,(04) 1900 0484,Signeulx,Mr.,Male
Fisher,Austin,21/01/1954,Ap #418-7096 Mauris St.,Kilmarnock,10,(02) 4584 5857,(04) 9942 5188,Galvarino,,Male
Crane,Brian,15/11/1974,'P.O. Box 750, 7498 Eleifend St.',Zedelgem,11,(02) 8067 0316,(04) 2552 3030,Lörrach,,Male
Rollins,Aristotle,30/09/1947,6480 Augue Rd.,Groenlo,12,(02) 3438 5698,(04) 0001 8152,Tay,Mr.,Male
Valdez,Octavius,19/05/1949,'401-9979 Vulputate, Ave',Bridgeport,13,(02) 8383 0490,(04) 4028 4761,Faizabad,,Male
Moore,Hammett,12/08/1980,6731 Nec Avenue,Oteppe,14,(02) 8288 9240,(04) 5113 1228,San Giorgio Albanese,Mr.,Male
Terrell,Jesse,02/03/1977,9689 Est Ave,Erli,15,(02) 4372 2027,(04) 9124 4830,Spruce Grove,Mr.,Male
Benton,Deacon,30/08/1963,897-9493 Fermentum Ave,Allerona,16,(02) 1294 8481,(04) 7712 7202,Oyen,,Male
Williams,Kadeem,06/02/1931,'P.O. Box 862, 9662 Dignissim St.',Reus,17,(02) 1141 7827,(04) 0658 7296,Port Harcourt,Mr.,Male
Griffin,Dante,09/03/1985,Ap #925-6462 Nulla Avenue,Fairbanks,18,(02) 2637 4548,(04) 2445 9642,Cabildo,Mr.,Male
Dillon,Edan,02/06/1940,1760 Duis Av.,Woodstock,19,(02) 6050 6655,(04) 2509 5933,Saint-Hilarion,Mr.,Male
Adkins,Ezekiel,13/08/1987,841-3139 Phasellus St.,Saint-Dié-des-Vosges,20,(02) 4849 5385,(04) 9548 5541,Milestone,,Male
Matthews,Ferdinand,22/04/1969,'P.O. Box 423, 428 Tellus Road',SantElpidio a Mare,21,(02) 7649 9570,(04) 6593 7852,Leval-Chaudeville,Mr.,Male
Massey,Rogan,13/09/1987,324-9778 Donec St.,Overland Park,22,(02) 9125 7700,(04) 3009 9920,Timaru,,Male
Petty,Griffith,27/11/1964,'P.O. Box 710, 8104 Nullam Rd.',Dunkerque,23,(02) 9711 7847,(04) 1569 2342,Keiem,,Male
Pope,Igor,07/08/2008,Ap #876-2627 Quis St.,York,24,(02) 8295 6885,(04) 0675 8814,Tulsa,,Male
Lowery,Kenneth,12/05/1945,7645 Dapibus Street,Munger,25,(02) 7638 5240,(04) 0081 9065,Beigem,Mr.,Male
Buchanan,Rahim,26/07/1963,460-3714 Nec Avenue,Milwaukee,26,(02) 6811 2457,(04) 0404 1999,Piana degli Albanesi,,Male
Graham,Murphy,30/10/2008,'2963 Vel, Rd.',Zandvoorde,27,(02) 5873 5984,(04) 6965 4921,Pontboset,,Male
Bennett,Price,21/07/1931,201-5347 Semper. Ave,Strombeek-Bever,28,(02) 6837 7883,(04) 5924 6194,Lanklaar,Mr.,Male
Shelton,Otto,13/02/2007,2290 Penatibus Ave,Saintes,29,(02) 8318 0526,(04) 4450 2927,Stockerau,Mr.,Male
Freeman,Garrison,25/01/1985,Ap #559-167 Tristique Street,Pichilemu,30,(02) 1333 4572,(04) 5039 4967,Miraj,,Male
Pittman,Jonah,25/06/1933,'P.O. Box 100, 2059 Elit. Rd.',Vicoli,31,(02) 7011 5360,(04) 6044 0544,Rinconada,Mr.,Male
Osborne,Moses,17/09/1970,9168 Mauris Road,Nadiad,32,(02) 6545 6583,(04) 9051 6051,Lake Cowichan,Mr.,Male
Frank,Henry,27/12/1998,'P.O. Box 788, 6223 Amet Avenue',Ichtegem,33,(02) 5566 8054,(04) 7654 9991,Gressoney-Saint-Jean,,Male
Stephens,Marshall,31/05/1939,858-2572 Ac St.,Bathurst,34,(02) 0529 8467,(04) 3537 4801,Gatineau,Mr.,Male
Blackwell,Charles,07/09/1976,'P.O. Box 649, 4638 Ridiculus Road',New Westminster,35,(02) 8343 8744,(04) 1589 7040,Isle-aux-Coudres,Mr.,Male
Vargas,Abdul,09/07/1956,'P.O. Box 926, 260 Velit. Road',Tobermory,36,(02) 8428 0190,(04) 5021 1461,New Bombay,,Male
Newton,Julian,02/03/1956,270-4361 In Rd.,Huntsville,37,(02) 4797 3826,(04) 0431 5506,Vegreville,,Male
Pierce,Russell,25/11/1969,Ap #279-8258 Convallis Ave,Le Grand-Quevilly,38,(02) 8413 0523,(04) 0894 0071,Ramagundam,,Male
Arnold,Odysseus,30/10/1930,155-4510 Lacinia. Rd.,Schleswig,39,(02) 0553 8971,(04) 4837 7149,Warburg,,Male
Vazquez,Hyatt,01/03/1946,'5208 Facilisis, Rd.',Anzi,40,(02) 0293 2786,(04) 7516 6732,Laja,,Male
Summers,Christopher,30/11/1941,9931 Iaculis Av.,Herenthout,41,(02) 1323 4696,(04) 3360 4162,Morpeth,Mr.,Male
Albert,Martin,06/11/2004,'P.O. Box 642, 8961 Quis Rd.',Chennai,42,(02) 4060 0154,(04) 8871 9664,Cambrai,,Male
Lindsey,John,30/07/2004,959-2024 Sit St.,Shahjahanpur,43,(02) 1266 7653,(04) 9666 2430,Thorembais-les-BŽguines,Mr.,Male
Fuentes,Galvin,27/08/2003,1597 Sagittis St.,Tuscaloosa,44,(02) 5292 1882,(04) 8342 5152,Grave,Mr.,Male
Stafford,William,29/08/1954,'Ap #235-2467 Montes, St.',Akşehir,45,(02) 4929 7670,(04) 0355 3512,Bojano,,Male
Kline,Hayes,18/11/1938,Ap #684-3916 Diam Road,Artena,46,(02) 0559 9874,(04) 1295 5453,Idar-Oberstei,Mr.,Male
Mcdonald,Micah,19/12/1936,'P.O. Box 734, 372 Egestas Road',Sciacca,47,(02) 5691 7577,(04) 6835 4213,Vitrolles,Mr.,Male
Acevedo,Abbot,17/06/1971,'P.O. Box 216, 6126 Sit Rd.',Massenhoven,48,(02) 6071 6121,(04) 4114 0773,Vietri di Potenza,Mr.,Male
Salinas,Nathan,05/02/2003,8524 Risus. Ave,Gattatico,49,(02) 5422 2461,(04) 3310 9872,Riksingen,,Male
Baldwin,Hu,23/05/1988,4052 A Street,Pelluhue,50,(02) 2752 5537,(04) 2903 9935,Comano,Mr.,Male
Grimes,Christian,05/09/1979,7207 Ac Ave,Sierning,51,(02) 3903 1986,(04) 6240 5183,Dubuisson,,Male
Schroeder,Craig,30/10/1989,'Ap #639-3937 Vel, St.',Kempten,52,(02) 7181 0105,(04) 1351 9438,Gorinchem,,Male
Garner,Marshall,29/01/1996,662 Nunc. Road,Hastings,53,(02) 6402 5011,(04) 3037 9882,Río Negro,Mr.,Male
Bryan,Cooper,10/12/1939,'P.O. Box 110, 5902 Risus. Road',Taltal,54,(02) 6013 3058,(04) 2317 6409,Crowsnest Pass,,Male
Banks,Jesse,15/03/1952,748-7339 Penatibus St.,Bihain,55,(02) 1052 9194,(04) 2491 8665,Saint-Leonard,Mr.,Male
Oneil,Finn,09/03/1955,158-225 Dis Ave,Tacoma,56,(02) 0053 4556,(04) 7577 1290,Liverpool,Mr.,Male
Mccarty,Orson,04/09/1934,'P.O. Box 829, 2905 Faucibus Av.',Lisieux,57,(02) 7409 9694,(04) 3067 6964,Heilbronn,,Male
Stevenson,Yuli,19/06/2004,Ap #165-3872 Phasellus Av.,Coaldale,58,(02) 2623 5433,(04) 5312 3911,Maple Creek,Mr.,Male
Gates,Benjamin,30/08/2009,784-2674 Hendrerit Av.,Bon Accord,59,(02) 5415 4823,(04) 5992 5309,Muzaffarpur,,Male
Fry,Honorato,01/07/1945,7164 Lacinia Avenue,Dunfermline,60,(02) 9125 2367,(04) 5685 8651,Marentino,,Male
Haynes,Amal,22/06/1989,912-1745 Sodales St.,San Antonio,61,(02) 8105 9846,(04) 1322 6312,Fort McPherson,Mr.,Male
Casey,Kenneth,19/01/1995,641 Nam Av.,Wolfville,62,(02) 5443 7196,(04) 1946 3806,Linkhout,Mr.,Male
Henry,Gray,20/08/1931,7115 Donec Street,Paradise,63,(02) 1464 9376,(04) 3992 3679,Onitsha,,Male
Kemp,Orlando,20/09/1948,'P.O. Box 417, 559 Scelerisque Av.',Coreglia Antelminelli,64,(02) 1954 0364,(04) 4538 4994,San Massimo,Mr.,Male
Simon,Kevin,02/08/1950,'P.O. Box 405, 4610 Felis. Rd.',Marburg,65,(02) 6167 8220,(04) 1542 7857,Valkenburg aan de Geul,Mr.,Male
Melendez,Blaze,17/12/2001,Ap #446-9602 Nulla. Avenue,La Spezia,66,(02) 8030 8046,(04) 8981 8593,Lamorteau,,Male
Burnett,Brandon,03/08/1956,'8913 Vestibulum, Rd.',Sellia Marina,67,(02) 6531 4545,(04) 2551 8281,Mont-sur-Marchienne,,Male
Paul,Malcolm,15/11/1996,Ap #747-3691 Accumsan Rd.,Columbus,68,(02) 6168 1070,(04) 0673 1006,Saltcoats,,Male
Valenzuela,Donovan,25/11/1967,Ap #771-154 Aenean St.,Ham-sur-Heure-Nalinnes,69,(02) 2128 6854,(04) 8471 3508,Laives/Leifers,Mr.,Male
Joyner,Kato,06/02/1964,219-1536 Eu St.,Montebelluna,70,(02) 3095 3108,(04) 3153 4485,Stevoort,,Male
Hancock,Kermit,03/02/1951,Ap #805-8512 Tincidunt St.,Chishtian Mandi,71,(02) 5749 1142,(04) 7935 7406,Kircudbright,,Male
Hancock,Ciaran,28/06/1934,'P.O. Box 285, 1312 Cras Rd.',Saint-Marcel,72,(02) 9877 1996,(04) 0851 3433,Casoli,,Male
Olson,Nissim,02/09/1962,Ap #344-3915 Nisl Rd.,Kalken,73,(02) 9445 0402,(04) 9622 4906,Fort Saskatchewan,Mr.,Male
Rowe,Warren,20/01/1939,627-5631 Duis Ave,Burgos,74,(02) 1902 3060,(04) 5815 7450,Sint-Niklaas,Mr.,Male
Kim,Elton,06/02/1959,Ap #660-7815 Dolor. Rd.,Lauder,75,(02) 3799 9548,(04) 7257 9410,Cairns,Mr.,Male
Patel,Talon,03/04/2002,'P.O. Box 481, 366 Vestibulum. Av.',San Juan de la Costa,76,(02) 1658 6451,(04) 8463 2888,Besançon,Mr.,Male
Gordon,Tyrone,03/09/1972,'P.O. Box 491, 9884 Orci, Av.',Wepion,77,(02) 6810 7301,(04) 0028 2027,Feldkirch,Mr.,Male
Holden,Gage,03/08/1965,'Ap #699-9566 Et, Rd.',Amravati,78,(02) 5993 5963,(04) 1912 8153,Thisnes,Mr.,Male
Sanchez,Abdul,02/09/1995,'P.O. Box 787, 4665 Morbi St.',Petrolina,79,(02) 5483 2086,(04) 6867 1253,San Francisco,Mr.,Male
Bridges,Avram,23/03/1995,Ap #520-8766 Phasellus Street,Holman,80,(02) 4257 4217,(04) 4422 7814,Essex,Mr.,Male
Barnes,Brendan,10/09/1959,'P.O. Box 278, 8423 Augue. St.',College,81,(02) 4501 6907,(04) 4193 9033,Wandre,,Male
Mathis,Bruce,01/06/1931,364-1717 Ipsum Avenue,Bremerhaven,82,(02) 5255 0645,(04) 5806 5623,Mantova,Mr.,Male
Pratt,Ferris,25/05/1943,Ap #534-1063 Feugiat Rd.,Genova,83,(02) 4930 6792,(04) 9064 9851,Namur,Mr.,Male
Knox,Ashton,17/02/2009,749-2881 Congue. Ave,Chonchi,84,(02) 9894 9693,(04) 7002 2547,Brive-la-Gaillarde,Mr.,Male
Knox,Jerry,22/07/1943,'P.O. Box 962, 2475 Egestas Street',Perchtoldsdorf,85,(02) 1765 8891,(04) 2509 8556,Buckingham,,Male
Reyes,Samuel,28/12/1965,'P.O. Box 398, 5083 Curabitur Rd.',Avise,86,(02) 5577 9888,(04) 4026 7067,Piotrków Trybunalski,Mr.,Male
Ellison,Hayden,17/07/1940,'P.O. Box 919, 9490 Sodales. Ave',Felitto,87,(02) 5477 8379,(04) 9051 6651,Whitchurch-Stouffville,,Male
Mccoy,Conan,18/10/1941,'Ap #737-7796 Facilisis, Avenue',Köln,88,(02) 3353 9856,(04) 6666 5325,Camporotondo di Fiastrone,Mr.,Male
Baxter,Emerson,05/05/1954,3306 Viverra. St.,Bala,89,(02) 0930 2818,(04) 6983 4299,Berg,,Male
Allison,Sebastian,07/02/1978,Ap #945-4335 Mattis Rd.,Tielen,90,(02) 6000 0204,(04) 5656 4364,De Haan,Mr.,Male
Rodriquez,Eaton,04/08/1973,'P.O. Box 536, 8989 A, Ave',Londerzeel,91,(02) 0704 9466,(04) 9173 6898,Hudsons Hope,,Male
Bird,Branden,15/09/1988,7325 Nunc Rd.,Toruń,92,(02) 5962 1578,(04) 8109 7361,Forio,,Male
Flowers,Zeph,30/04/1963,831-7854 Euismod Road,Olathe,93,(02) 5234 2529,(04) 1322 4750,Red Deer,Mr.,Male
Alexander,Elmo,01/05/1980,5935 Vestibulum Av.,Francofonte,94,(02) 6651 4296,(04) 3189 1718,Welland,,Male
Hickman,Cadman,21/09/1956,'P.O. Box 976, 720 Consequat, St.',Casoli,95,(02) 9457 9744,(04) 8473 7345,Orléans,Mr.,Male
Wilkerson,Kamal,02/09/1950,'P.O. Box 808, 407 Sapien, Ave',Massimino,96,(02) 3345 4295,(04) 5220 9114,Tullibody,,Male
Harvey,Kibo,31/01/1957,7663 Sed Road,Latronico,97,(02) 9631 4946,(04) 4917 2336,Welland,,Male
Preston,Lyle,14/11/1998,Ap #699-3627 Diam St.,Sciacca,98,(02) 8028 6395,(04) 5041 8342,Humbeek,,Male
Holman,Dieter,18/01/1981,'P.O. Box 630, 2467 Nulla. Ave',St. Catharines,99,(02) 2231 5586,(04) 1148 9034,San Pablo,,Male
Spence,Luke,02/01/1940,883-3664 Nunc Rd.,Teruel,100,(02) 3729 1777,(04) 0933 0594,Bahraich,Mr.,Male
Pate,Rinah,01/11/1955,Ap #294-4724 Ipsum Av.,Castor,101,(02) 4789 5586,(04) 3036 5654,Dunstable,Ms.,Famale
Juarez,Brianna,08/12/1986,1395 Commodo Rd.,Samsun,102,(02) 6781 4311,(04) 0841 2050,Donstiennes,,Famale
Mcknight,Maite,18/07/1987,7315 Ut St.,Rosciano,103,(02) 9052 5585,(04) 0852 4845,Zerba,Mrs.,Famale
Hill,Carissa,17/06/1985,449-3648 Vestibulum St.,Villafranca dAsti,104,(02) 7200 7002,(04) 6868 6861,Cranbrook,Mrs.,Famale
Powell,Ruby,21/06/2005,297-5663 Mollis St.,Hameln,105,(02) 9043 2839,(04) 3081 4996,Olivar,Mrs.,Famale
Lamb,Darrel,01/02/2007,Ap #686-5031 Nulla Avenue,Colina,106,(02) 5973 6524,(04) 8491 2331,Norman Wells,Mrs.,Famale
Nielsen,Quail,28/03/1935,'P.O. Box 319, 8076 Orci Street',Pembroke,107,(02) 5476 7212,(04) 6190 0786,Haren,Mrs.,Famale
Galloway,Kylie,18/12/1974,876-2162 Dolor Rd.,Las Cabras,108,(02) 4321 4922,(04) 1697 1506,Suarlee,Mrs.,Famale
Holcomb,Penelope,13/04/1990,3927 Eget Avenue,Jabalpur,109,(02) 4225 2424,(04) 7678 0343,Zaffelare,,Famale
Hawkins,Priscilla,20/05/1990,'683-182 Et, Rd.',Stade,110,(02) 9260 6799,(04) 7811 6238,Völklingen,Ms.,Famale
Hampton,Tallulah,06/02/2001,'1790 Enim, St.',Ottawa-Carleton,111,(02) 1278 3025,(04) 1422 7747,Penna San Giovanni,Ms.,Famale
Roman,Candice,27/07/1962,Ap #251-4101 Sociis Rd.,Gaziantep,112,(02) 3604 5309,(04) 0053 4983,Fort William,Mrs.,Famale
Manning,Ayanna,04/06/1977,5398 Ac Road,Hay River,113,(02) 8189 4155,(04) 9312 4721,Campos dos Goytacazes,,Famale
Rush,Adrienne,01/11/1995,9670 Velit. Road,Sant Elia a Pianisi,114,(02) 9240 8379,(04) 7835 0207,Beuzet,Mrs.,Famale
West,Fleur,27/07/1975,252-2047 Vitae St.,Lembeek,115,(02) 1305 6500,(04) 3361 9212,Raipur,,Famale
Russo,Germaine,05/08/1987,'P.O. Box 336, 9809 Malesuada Rd.',Vorst,116,(02) 1238 1350,(04) 7427 6023,Chilliwack,Mrs.,Famale
Yang,Ivana,02/06/1967,'502-7750 Ut, Road',Gembloux,117,(02) 3628 2068,(04) 0043 0141,Renfrew,Mrs.,Famale
Baxter,Ima,09/04/1996,224-7687 Curabitur Rd.,Norman Wells,118,(02) 3535 6704,(04) 8969 1533,Asbestos,,Famale
Garner,Emma,05/11/2008,Ap #196-8577 Sit Road,Moncton,119,(02) 4526 5810,(04) 8319 7523,Katsina,,Famale
Carpenter,Britanni,17/02/2008,'P.O. Box 855, 5152 Tempus St.',Pallavaram,120,(02) 9686 1394,(04) 4572 0694,Ferrere,,Famale
Battle,Libby,24/07/1955,Ap #888-4541 Rhoncus Road,Bozeman,121,(02) 5375 9962,(04) 6488 6365,Jauchelette,Mrs.,Famale
Barlow,Amela,11/04/1950,918 Vehicula St.,Strona,122,(02) 5929 6047,(04) 3932 9457,Meißen,,Famale
Lancaster,Amanda,13/10/1934,'P.O. Box 878, 7057 Sit Av.',Buckingham,123,(02) 0274 8397,(04) 2470 0433,St. Johns,Mrs.,Famale
Davis,Sophia,08/11/1949,Ap #132-4204 Proin St.,Pumanque,124,(02) 1223 4323,(04) 4617 3120,Jabbeke,Mrs.,Famale
Jimenez,Alexa,17/05/1937,'732-8741 Vulputate, Ave',Moga,125,(02) 4368 2292,(04) 5974 8235,Salt Lake City,Mrs.,Famale
Valdez,Kylan,25/12/1959,Ap #693-1804 Et Avenue,Concón,126,(02) 7335 8639,(04) 0422 4552,Zamość,Mrs.,Famale
Wade,Constance,25/11/1941,1621 Iaculis Rd.,Warburg,127,(02) 5750 0750,(04) 2563 3239,Lobbes,,Famale
Sharp,Lesley,21/08/1947,'P.O. Box 270, 8986 Egestas St.',Belmont,128,(02) 0994 3987,(04) 1317 8867,Norcia,Mrs.,Famale
Riggs,Morgan,25/02/2002,874-8282 Natoque St.,Xhoris,129,(02) 9991 3930,(04) 7389 5905,Ñuñoa,Mrs.,Famale
Long,Hope,10/10/2001,'Ap #489-6948 Ac, Rd.',Uberaba,130,(02) 1051 4202,(04) 0460 7578,Niel-bij-As,,Famale
Armstrong,Quemby,23/05/1969,7396 Et Street,Doues,131,(02) 6964 6558,(04) 1368 6315,Shippagan,Mrs.,Famale
Graham,Lacota,24/09/1962,'P.O. Box 348, 5041 Tincidunt Rd.',Wałbrzych,132,(02) 3331 0999,(04) 3380 9555,Stratford,Mrs.,Famale
Hicks,Shannon,31/12/1999,Ap #559-3792 Sed Avenue,Lienz,133,(02) 0315 9080,(04) 0361 8854,Chilliwack,,Famale
Figueroa,Hermione,21/12/1948,'P.O. Box 720, 4930 Libero Street',Queanbeyan,134,(02) 4641 8512,(04) 5277 6584,Castel San Niccolò,Ms.,Famale
Baxter,Quincy,03/02/1981,197-9102 Risus. Street,Foz do Iguaçu,135,(02) 9731 2882,(04) 4291 7859,Timon,,Famale
Nielsen,Charlotte,01/04/1967,Ap #165-4045 Fringilla St.,Tontelange,136,(02) 8581 6012,(04) 1972 8416,Altamura,Ms.,Famale
Woodward,Sandra,19/03/2003,Ap #717-8568 Mollis. Ave,Assebroek,137,(02) 1670 9462,(04) 9197 1636,Ottignies,Mrs.,Famale
Barrera,Dai,25/08/1958,'P.O. Box 303, 8994 Phasellus Street',Kooigem,138,(02) 0637 8733,(04) 7986 5770,Amersfoort,Mrs.,Famale
Crosby,Kelly,28/09/2003,Ap #964-5141 Lectus. St.,Bay Roberts,139,(02) 7429 8161,(04) 3881 0761,Awka,,Famale
Kane,Britanney,09/05/1949,3378 Dapibus Rd.,Eisenstadt,140,(02) 3366 1608,(04) 2451 0701,Modena,,Famale
Schmidt,Tatyana,18/08/2002,498-4942 Hendrerit St.,Barry,141,(02) 2757 1988,(04) 2501 4379,Verona,Mrs.,Famale
Lott,Denise,22/10/1934,567 Enim Ave,Martigues,142,(02) 3164 3508,(04) 8102 0382,Ila,Ms.,Famale
Wiley,Amela,08/06/2007,343-317 Ipsum Road,New Radnor,143,(02) 6032 6749,(04) 8428 8557,Crehen,Mrs.,Famale
Lara,Gloria,14/08/1998,269-3234 Odio. Av.,Huntsville,144,(02) 8746 8605,(04) 4458 5301,Bevilacqua,Mrs.,Famale
Kaufman,Astra,04/07/1940,954 Etiam Rd.,HomprŽ,145,(02) 1422 5526,(04) 9058 1929,Helena,Mrs.,Famale
Freeman,Mona,29/11/1972,749 Elit Ave,Baltasound,146,(02) 9704 8677,(04) 2885 1881,Pierrefonds,Mrs.,Famale
Sandoval,Bryar,23/03/1947,505-4630 Phasellus St.,Diets-Heur,147,(02) 2789 4721,(04) 8935 8298,Colmar,Ms.,Famale
Flynn,Zena,07/08/1963,'P.O. Box 957, 1390 Placerat. St.',Herentals,148,(02) 2334 5303,(04) 5089 9733,Rivière-du-Loup,Ms.,Famale
Wall,Tanya,19/05/1954,200-2206 Malesuada. Road,San Gregorio nelle Alpi,149,(02) 9136 4012,(04) 2277 3953,Worms,,Famale
Leonard,Orli,05/09/1947,8019 Sed Ave,Pilibhit,150,(02) 4258 8547,(04) 5821 2831,Bathgate,,Famale
Clayton,Kameko,02/10/1999,8042 Consequat Rd.,Roosbeek,151,(02) 8621 6522,(04) 6570 5658,Le Petit-Quevilly,,Famale
Robertson,Mariam,10/06/1945,'429-2938 Vitae, Road',Habay-la-Neuve,152,(02) 5784 4526,(04) 5563 6947,Norman Wells,,Famale
Sargent,Eugenia,01/10/1989,941-6466 Est. Avenue,Vedrin,153,(02) 4929 7380,(04) 3887 0213,Ockelbo,Mrs.,Famale
Chen,Sandra,03/04/1990,5125 Lorem Av.,Gijón,154,(02) 4815 7267,(04) 9032 4830,Birmingham,,Famale
Vincent,Sandra,01/03/1959,3946 Varius. St.,Henderson,155,(02) 3201 8234,(04) 0157 9401,Cholet,Mrs.,Famale
Glover,Nola,28/01/1965,'Ap #624-8332 Enim, Ave',Okigwe,156,(02) 1221 8720,(04) 5330 7035,Vico nel Lazio,Mrs.,Famale
Livingston,Desiree,19/08/1954,346-1287 Aliquam Av.,Pozzuolo del Friuli,157,(02) 0496 9829,(04) 1452 0123,Borghetto di Vara,Mrs.,Famale
Puckett,Ria,02/03/2005,'7591 Ornare, Av.',Dumbarton,158,(02) 5003 1153,(04) 8220 8265,Ruette,Ms.,Famale
Vazquez,Liberty,05/11/1948,'2824 Est, Road',Krefeld,159,(02) 9147 0321,(04) 4273 1277,Maasmechelen,,Famale
Kaufman,Eden,18/11/1991,Ap #651-1697 Lacus. Rd.,Koolkerke,160,(02) 8959 6760,(04) 1299 1476,Chile Chico,Ms.,Famale
Ruiz,Risa,18/05/1951,Ap #210-6758 Erat St.,Vanderhoof,161,(02) 4937 8692,(04) 2089 8104,Daussoulx,Ms.,Famale
Harmon,Maggy,18/08/1943,'P.O. Box 446, 4215 Curabitur Street',Warren,162,(02) 9084 7779,(04) 9559 8451,Southend,Mrs.,Famale
Aguilar,Ruth,10/10/1970,'P.O. Box 918, 2964 Quisque Ave',High Wycombe,163,(02) 8399 5673,(04) 9273 1055,Gurgaon,Mrs.,Famale
Gallegos,Isabella,24/07/1960,Ap #708-5139 Arcu Rd.,Bozeman,164,(02) 0318 6462,(04) 0925 5418,Blankenberge,,Famale
Frank,Chava,24/12/1936,'P.O. Box 639, 809 Amet Road',Minto,165,(02) 0188 0819,(04) 3675 2998,Borchtlombeek,Mrs.,Famale
Juarez,Lunea,06/09/1981,'P.O. Box 606, 5179 Vestibulum Ave',Southaven,166,(02) 8614 0767,(04) 4280 2694,Onitsha,,Famale
Cleveland,Dominique,10/05/1948,'P.O. Box 483, 9971 Et Ave',Uppingham. Cottesmore,167,(02) 8462 4824,(04) 7343 5166,Palombaro,Ms.,Famale
Rodriquez,Ivory,21/04/2007,1807 Urna. Rd.,São João de Meriti,168,(02) 6256 2092,(04) 9346 8014,St. Andrä,Ms.,Famale
Chase,Maris,10/04/1987,'P.O. Box 129, 3037 Purus, Road',Autelbas,169,(02) 4831 9816,(04) 6861 0490,New Sarepta,Ms.,Famale
Shaffer,Alma,14/12/1976,'P.O. Box 949, 9661 Nec, Rd.',Bavikhove,170,(02) 0513 2832,(04) 2369 7420,Linton,Mrs.,Famale
Spencer,Hannah,28/03/1942,331-4787 Auctor Road,Essex,171,(02) 7002 1498,(04) 6181 2373,Novo Hamburgo,Mrs.,Famale
Goodman,Sonia,02/06/1998,6169 Donec St.,Olmué,172,(02) 8628 9176,(04) 3118 9245,Lampernisse,,Famale
Stephenson,Vielka,14/08/1950,2718 Tempus Av.,Ely,173,(02) 8425 1441,(04) 7041 0794,Cedar Rapids,,Famale
Nguyen,Sophia,01/02/1949,'P.O. Box 378, 8787 Nullam Road',Cumberland County,174,(02) 8561 4069,(04) 3705 4908,Lorient,,Famale
Schultz,Judith,04/06/2000,842-2019 Ut Ave,Neudörfl,175,(02) 1470 4494,(04) 6393 8585,Dawson Creek,Mrs.,Famale
Wilcox,Sybill,19/02/2009,518-4598 Consectetuer St.,Gulbarga,176,(02) 9244 1820,(04) 4552 4179,Baie-Saint-Paul,,Famale
Daugherty,Mara,05/02/1940,'P.O. Box 533, 6532 Est. Avenue',Chambord,177,(02) 8895 1964,(04) 1445 0329,Scena/Schenna,Mrs.,Famale
Love,Eugenia,31/10/1962,'P.O. Box 489, 7769 Et, Street',Erie,178,(02) 7528 4721,(04) 1620 2024,Leeuwarden,Ms.,Famale
Cooke,Quintessa,09/07/2005,Ap #853-3516 Penatibus Avenue,Catanzaro,179,(02) 3582 8671,(04) 9413 7226,Grand Falls,,Famale
Harrison,Zena,14/01/2005,319-586 Porttitor Av.,Medemblik,180,(02) 1958 6176,(04) 3994 3313,Purén,,Famale
Freeman,Jillian,01/04/1990,Ap #809-1065 Eget Ave,Tuscaloosa,181,(02) 7498 9161,(04) 9973 1187,Alandur,,Famale
Mcmillan,Ivy,10/04/1971,'P.O. Box 619, 2813 Eleifend, Av.',Gaggio Montano,182,(02) 5583 2787,(04) 8043 9303,Donstiennes,Mrs.,Famale
Wyatt,Chava,23/07/1993,'621-3267 Vitae, Av.',Orilla,183,(02) 0375 8963,(04) 8437 1981,San Pedro de Atacama,Ms.,Famale
Cameron,Candice,03/01/1961,Ap #402-5302 Ante. Rd.,Orlando,184,(02) 0176 0865,(04) 3041 5221,Naro,Ms.,Famale
Velazquez,Francesca,26/03/2005,Ap #640-2390 Nullam Road,Harrisburg,185,(02) 8771 0043,(04) 5964 0312,Tramatza,Mrs.,Famale
Avery,Naida,15/09/1946,'P.O. Box 187, 4401 Hymenaeos. Street',Kalgoorlie-Boulder,186,(02) 7895 6873,(04) 7135 6753,Savannah,Ms.,Famale
Bullock,Kim,22/03/1934,'P.O. Box 613, 6358 Hendrerit St.',Köthen,187,(02) 0028 1128,(04) 3093 4960,Independence,Ms.,Famale
Wynn,Haley,19/05/1987,Ap #440-8617 Amet Ave,Beauport,188,(02) 7116 0600,(04) 5974 7644,Radom,Ms.,Famale
Peck,Kathleen,28/07/1933,631-9910 Porttitor Av.,Gagliato,189,(02) 6280 2122,(04) 1883 7059,Gliwice,Mrs.,Famale
Avila,Michelle,13/02/1932,Ap #491-6701 Vestibulum Avenue,Paiguano,190,(02) 5784 2437,(04) 1444 3728,Erpion,,Famale
Odom,Amber,29/07/1996,199-3884 Justo St.,Tolve,191,(02) 8649 6291,(04) 3848 0270,North Las Vegas,,Famale
Cooley,Neve,27/01/1997,'P.O. Box 468, 7320 Netus Avenue',Sialkot,192,(02) 4771 4778,(04) 1184 5273,Clare,Ms.,Famale
Barker,Whitney,30/05/1988,3945 Donec Av.,Dongelberg,193,(02) 8543 0336,(04) 1566 6556,Rutigliano,,Famale
Emerson,Darrel,27/05/1937,Ap #807-5153 Sed St.,Melton Mowbray,194,(02) 2134 4515,(04) 7358 0978,Ruisbroek,Mrs.,Famale
Flores,Yoko,26/03/1938,9317 Arcu. Road,Cognelee,195,(02) 3984 8345,(04) 4699 0805,Giardinello,Ms.,Famale
Holder,Zia,19/06/1969,'P.O. Box 433, 8862 Ipsum. Rd.',Colwood,196,(02) 8600 6946,(04) 5781 1767,Stralsund,,Famale
Talley,Adara,19/01/1997,'2572 Pellentesque, St.',Zandvoorde,197,(02) 3886 5659,(04) 1419 9794,Kelowna,Mrs.,Famale
Freeman,Teagan,17/11/1963,1108 Ligula. Rd.,Grand Falls,198,(02) 6950 2634,(04) 4172 9237,Portland,Mrs.,Famale
Diaz,Rebecca,02/03/1981,'P.O. Box 471, 6942 Dictum. Street',Caxias,199,(02) 0562 0035,(04) 9278 7734,Burg,Ms.,Famale
Hoover,Xandra,24/05/1943,'257-1126 Vulputate, Ave',Hoeilaart,200,(02) 9424 9383,(04) 4295 3865,Deerlijk,Mrs.,Famale
